{
  "hash": "b08508cf",
  "configHash": "70551ea6",
  "lockfileHash": "6ce0a644",
  "browserHash": "047101a3",
  "optimized": {
    "@angular/common": {
      "src": "../../../../../../node_modules/@angular/common/fesm2022/common.mjs",
      "file": "@angular_common.js",
      "fileHash": "cf1a0809",
      "needsInterop": false
    },
    "@angular/common/http": {
      "src": "../../../../../../node_modules/@angular/common/fesm2022/http.mjs",
      "file": "@angular_common_http.js",
      "fileHash": "a7d8bcf1",
      "needsInterop": false
    },
    "@angular/core": {
      "src": "../../../../../../node_modules/@angular/core/fesm2022/core.mjs",
      "file": "@angular_core.js",
      "fileHash": "5cb02427",
      "needsInterop": false
    },
    "@angular/forms": {
      "src": "../../../../../../node_modules/@angular/forms/fesm2022/forms.mjs",
      "file": "@angular_forms.js",
      "fileHash": "7d5fdecb",
      "needsInterop": false
    },
    "@angular/platform-browser": {
      "src": "../../../../../../node_modules/@angular/platform-browser/fesm2022/platform-browser.mjs",
      "file": "@angular_platform-browser.js",
      "fileHash": "2baeb585",
      "needsInterop": false
    },
    "@angular/platform-server": {
      "src": "../../../../../../node_modules/@angular/platform-server/fesm2022/platform-server.mjs",
      "file": "@angular_platform-server.js",
      "fileHash": "4ab2cebd",
      "needsInterop": false
    },
    "@angular/router": {
      "src": "../../../../../../node_modules/@angular/router/fesm2022/router.mjs",
      "file": "@angular_router.js",
      "fileHash": "d430780b",
      "needsInterop": false
    },
    "axios": {
      "src": "../../../../../../node_modules/axios/index.js",
      "file": "axios.js",
      "fileHash": "b8a480c0",
      "needsInterop": false
    },
    "rxjs": {
      "src": "../../../../../../node_modules/rxjs/dist/cjs/index.js",
      "file": "rxjs.js",
      "fileHash": "665bd2c5",
      "needsInterop": true
    }
  },
  "chunks": {
    "xhr2-NXSNJHPD": {
      "file": "xhr2-NXSNJHPD.js"
    },
    "chunk-JUMA2BDZ": {
      "file": "chunk-JUMA2BDZ.js"
    },
    "chunk-PR5Q6HOO": {
      "file": "chunk-PR5Q6HOO.js"
    },
    "chunk-JLKXH64J": {
      "file": "chunk-JLKXH64J.js"
    },
    "chunk-M3G5G56G": {
      "file": "chunk-M3G5G56G.js"
    },
    "chunk-J5AH7WSA": {
      "file": "chunk-J5AH7WSA.js"
    },
    "chunk-HOWG5LT4": {
      "file": "chunk-HOWG5LT4.js"
    }
  }
}